{
    "action": {
        "mean": [
            0.00023341987980529666,
            0.0001300483418162912,
            -0.00012762464757543057,
            -0.00015565550711471587,
            -0.0004039327905047685,
            0.00023557541135232896,
            0.5764579176902771
        ],
        "std": [
            0.009765933267772198,
            0.013689137995243073,
            0.012667370028793812,
            0.028534093871712685,
            0.03063797391951084,
            0.07691426575183868,
            0.4973702132701874
        ],
        "max": [
            0.41691166162490845,
            0.25864794850349426,
            0.21218234300613403,
            3.122201919555664,
            1.8618112802505493,
            6.280478477478027,
            1
        ],
        "min": [
            -0.4007510244846344,
            -0.13874775171279907,
            -0.22553899884223938,
            -3.2010786533355713,
            -1.8618112802505493,
            -6.279075622558594,
            0
        ],
        "q01": [
            -0.02872725307941437,
            -0.04170349963009357,
            -0.026093858778476715,
            -0.08092105075716972,
            -0.09288699507713317,
            -0.20718276381492615,
            0
        ],
        "q99": [
            0.028309678435325586,
            0.040855254605412394,
            0.040161586627364146,
            0.08192047759890528,
            0.07792850524187081,
            0.20382574498653397,
            1
        ]
    },
    "proprio": {
        "mean": [
            0,
            0,
            0,
            0,
            0,
            0,
            0
        ],
        "std": [
            0,
            0,
            0,
            0,
            0,
            0,
            0
        ],
        "max": [
            0,
            0,
            0,
            0,
            0,
            0,
            0
        ],
        "min": [
            0,
            0,
            0,
            0,
            0,
            0,
            0
        ],
        "q01": [
            0,
            0,
            0,
            0,
            0,
            0,
            0
        ],
        "q99": [
            0,
            0,
            0,
            0,
            0,
            0,
            0
        ]
    },
    "num_transitions": 2135463,
    "num_trajectories": 60064
}